{"cameraMode":{"drawMode":0,"name":"Shaded","section":"Shading Mode"},"sceneLighting":true,"audioPlay":false,"sceneViewState":{"showFog":true,"showMaterialUpdate":false,"showSkybox":true,"showFlares":true,"showImageEffects":true,"showParticleSystems":true},"in2DMode":false,"pivot":{"x":-22.132387161254884,"y":-20.47641372680664,"z":46.35430908203125},"rotation":{"x":0.1483190506696701,"y":-0.08296699821949005,"z":0.0124882897362113,"w":0.9853740930557251},"size":113.89823913574219,"orthographic":false}