{"cameraMode":{"drawMode":0,"name":"Shaded","section":"Shading Mode"},"sceneLighting":false,"audioPlay":false,"sceneViewState":{"showFog":true,"showMaterialUpdate":false,"showSkybox":false,"showFlares":true,"showImageEffects":true,"showParticleSystems":true},"in2DMode":false,"pivot":{"x":-7.0,"y":2.520042657852173,"z":11.353615760803223},"rotation":{"x":0.07732086628675461,"y":0.004486268386244774,"z":-0.00034786094329319894,"w":0.9969961643218994},"size":11.829036712646485,"orthographic":false}