{"cameraMode":{"drawMode":0,"name":"Shaded","section":"Shading Mode"},"sceneLighting":false,"audioPlay":false,"sceneViewState":{"showFog":true,"showMaterialUpdate":false,"showSkybox":false,"showFlares":true,"showImageEffects":true,"showParticleSystems":true},"in2DMode":false,"pivot":{"x":15.821370124816895,"y":-5.9956560134887699,"z":132.9971160888672},"rotation":{"x":0.02639208734035492,"y":0.016492869704961778,"z":-0.00043538259342312813,"w":0.9995155334472656},"size":143.8976287841797,"orthographic":false}