{"cameraMode":{"drawMode":0,"name":"Shaded","section":"Shading Mode"},"sceneLighting":false,"audioPlay":false,"sceneViewState":{"showFog":true,"showMaterialUpdate":false,"showSkybox":false,"showFlares":true,"showImageEffects":true,"showParticleSystems":true},"in2DMode":false,"pivot":{"x":-7.289185523986816,"y":23.260284423828126,"z":-0.4340543746948242},"rotation":{"x":0.1059647724032402,"y":0.15005120635032655,"z":-0.016177520155906678,"w":0.982850193977356},"size":2.857883930206299,"orthographic":false}