{"cameraMode":{"drawMode":0,"name":"Shaded","section":"Shading Mode"},"sceneLighting":false,"audioPlay":false,"sceneViewState":{"showFog":true,"showMaterialUpdate":false,"showSkybox":false,"showFlares":true,"showImageEffects":true,"showParticleSystems":true},"in2DMode":false,"pivot":{"x":7.978461265563965,"y":1.0470219850540162,"z":10.28034782409668},"rotation":{"x":0.06320776045322418,"y":-0.735352098941803,"z":0.06925170868635178,"w":0.6711679100990295},"size":8.562853813171387,"orthographic":false}