{"cameraMode":{"drawMode":0,"name":"Shaded","section":"Shading Mode"},"sceneLighting":false,"audioPlay":false,"sceneViewState":{"showFog":true,"showMaterialUpdate":false,"showSkybox":false,"showFlares":true,"showImageEffects":true,"showParticleSystems":true},"in2DMode":false,"pivot":{"x":9.890000343322754,"y":0.3099999725818634,"z":1.2640430927276612},"rotation":{"x":0.28070804476737978,"y":0.3013893961906433,"z":-0.09333393722772598,"w":0.9064525365829468},"size":4.286825656890869,"orthographic":false}