{"cameraMode":{"drawMode":0,"name":"Shaded","section":"Shading Mode"},"sceneLighting":true,"audioPlay":false,"sceneViewState":{"showFog":true,"showMaterialUpdate":false,"showSkybox":true,"showFlares":true,"showImageEffects":true,"showParticleSystems":true},"in2DMode":false,"pivot":{"x":16.064210891723634,"y":11.60141658782959,"z":1.9932875633239747},"rotation":{"x":0.22032831609249116,"y":-0.5877105593681336,"z":0.1704709380865097,"w":0.759599506855011},"size":4.507394790649414,"orthographic":false}