{"cameraMode":{"drawMode":0,"name":"Shaded","section":"Shading Mode"},"sceneLighting":true,"audioPlay":false,"sceneViewState":{"showFog":true,"showMaterialUpdate":false,"showSkybox":true,"showFlares":true,"showImageEffects":true,"showParticleSystems":true},"in2DMode":false,"pivot":{"x":-15.997629165649414,"y":-4.410585403442383,"z":0.43991756439208987},"rotation":{"x":-0.18162401020526887,"y":0.5745294094085693,"z":-0.13259145617485047,"w":-0.786986768245697},"size":38.79378890991211,"orthographic":false}