{"cameraMode":{"drawMode":0,"name":"Shaded","section":"Shading Mode"},"sceneLighting":true,"audioPlay":false,"sceneViewState":{"showFog":true,"showMaterialUpdate":false,"showSkybox":true,"showFlares":true,"showImageEffects":true,"showParticleSystems":true},"in2DMode":false,"pivot":{"x":-3.464016914367676,"y":8.855847358703614,"z":-10.046009063720704},"rotation":{"x":0.16429255902767182,"y":0.28547441959381106,"z":-0.04974224045872688,"w":0.9428881406784058},"size":28.860483169555665,"orthographic":false}