{"cameraMode":{"drawMode":0,"name":"Shaded","section":"Shading Mode"},"sceneLighting":false,"audioPlay":false,"sceneViewState":{"showFog":true,"showMaterialUpdate":false,"showSkybox":false,"showFlares":true,"showImageEffects":true,"showParticleSystems":true},"in2DMode":false,"pivot":{"x":20.529666900634767,"y":0.8660054206848145,"z":0.0008992552757263184},"rotation":{"x":0.02400076761841774,"y":0.025482002645730974,"z":-0.0006119183381088078,"w":0.9993869662284851},"size":4.085034370422363,"orthographic":false}